state,year,quarter,suppression_used,total_prescriptions
ca,2010,1,FALSE,1460
ca,2010,1,TRUE,0
ca,2010,2,FALSE,2010
ca,2010,2,TRUE,0
ca,2010,3,FALSE,2102
ca,2010,3,TRUE,0
ca,2010,4,FALSE,2352
ca,2010,4,TRUE,0
ca,2011,1,FALSE,2410
ca,2011,1,TRUE,0
ca,2011,2,FALSE,2517
ca,2011,2,TRUE,0
ca,2011,3,FALSE,2397
ca,2011,3,TRUE,0
ca,2011,4,FALSE,2768
ca,2011,4,TRUE,0
ca,2012,1,FALSE,2748
ca,2012,1,TRUE,0
ca,2012,2,FALSE,2614
ca,2012,2,TRUE,0
ca,2012,3,FALSE,3346
ca,2012,3,TRUE,0
ca,2012,4,FALSE,3187
ca,2012,4,TRUE,0
ca,2013,1,FALSE,2815
ca,2013,1,TRUE,0
ca,2013,2,FALSE,2825
ca,2013,2,TRUE,0
ca,2013,3,FALSE,3925
ca,2013,3,TRUE,0
ca,2013,4,FALSE,3226
ca,2013,4,TRUE,0
ca,2014,1,FALSE,4061
ca,2014,1,TRUE,0
ca,2014,2,FALSE,6958
ca,2014,2,TRUE,0
ca,2014,3,FALSE,8375
ca,2014,3,TRUE,0
ca,2014,4,FALSE,9395
ca,2014,4,TRUE,0
ca,2015,1,FALSE,10819
ca,2015,1,TRUE,0
ca,2015,2,FALSE,14024
ca,2015,2,TRUE,0
ca,2015,3,FALSE,17505
ca,2015,3,TRUE,0
ca,2015,4,FALSE,19473
ca,2015,4,TRUE,0
ca,2016,1,FALSE,20631
ca,2016,1,TRUE,0
ca,2016,2,FALSE,19799
ca,2016,2,TRUE,0
ca,2016,3,FALSE,28888
ca,2016,3,TRUE,0
ca,2016,4,FALSE,28398
ca,2016,4,TRUE,0
ca,2017,1,FALSE,31320
ca,2017,1,TRUE,0
ca,2017,2,FALSE,28976
ca,2017,2,TRUE,0
ca,2017,3,FALSE,41961
ca,2017,3,TRUE,0
ca,2017,4,FALSE,38798
ca,2017,4,TRUE,0
ca,2018,1,FALSE,40891
ca,2018,1,TRUE,0
ca,2018,2,FALSE,36678
ca,2018,2,TRUE,0
ca,2018,3,FALSE,52570
ca,2018,3,TRUE,0
ca,2018,4,FALSE,51798
ca,2018,4,TRUE,0
ca,2019,1,FALSE,45634
ca,2019,1,TRUE,0
ca,2019,2,FALSE,44846
ca,2019,2,TRUE,0
ca,2019,3,FALSE,67211
ca,2019,3,TRUE,0
ca,2019,4,FALSE,58072
ca,2019,4,TRUE,0
ca,2020,1,NA,60414
de,2010,1,FALSE,2722
de,2010,1,TRUE,0
de,2010,2,FALSE,2897
de,2010,2,TRUE,0
de,2010,3,FALSE,3099
de,2010,3,TRUE,0
de,2010,4,FALSE,3100
de,2010,4,TRUE,0
de,2011,1,FALSE,3512
de,2011,1,TRUE,0
de,2011,2,FALSE,3630
de,2011,2,TRUE,0
de,2011,3,FALSE,3333
de,2011,3,TRUE,0
de,2011,4,FALSE,3378
de,2011,4,TRUE,0
de,2012,1,FALSE,3977
de,2012,1,TRUE,0
de,2012,2,FALSE,4837
de,2012,2,TRUE,0
de,2012,3,FALSE,4843
de,2012,3,TRUE,0
de,2012,4,FALSE,5278
de,2012,4,TRUE,0
de,2013,1,FALSE,4754
de,2013,1,TRUE,0
de,2013,2,FALSE,5517
de,2013,2,TRUE,0
de,2013,3,FALSE,5658
de,2013,3,TRUE,0
de,2013,4,FALSE,5056
de,2013,4,TRUE,0
de,2014,1,FALSE,4920
de,2014,1,TRUE,0
de,2014,2,FALSE,5247
de,2014,2,TRUE,0
de,2014,3,FALSE,4682
de,2014,3,TRUE,0
de,2014,4,FALSE,4321
de,2014,4,TRUE,0
de,2015,1,FALSE,3770
de,2015,1,TRUE,0
de,2015,2,FALSE,3808
de,2015,2,TRUE,0
de,2015,3,FALSE,4594
de,2015,3,TRUE,0
de,2015,4,FALSE,5203
de,2015,4,TRUE,0
de,2016,1,FALSE,7994
de,2016,1,TRUE,0
de,2016,2,FALSE,8850
de,2016,2,TRUE,0
de,2016,3,FALSE,8737
de,2016,3,TRUE,0
de,2016,4,FALSE,9012
de,2016,4,TRUE,0
de,2017,1,FALSE,8348
de,2017,1,TRUE,0
de,2017,2,FALSE,10476
de,2017,2,TRUE,0
de,2017,3,FALSE,9221
de,2017,3,TRUE,0
de,2017,4,FALSE,10902
de,2017,4,TRUE,0
de,2018,1,FALSE,15170
de,2018,1,TRUE,0
de,2018,2,FALSE,14370
de,2018,2,TRUE,0
de,2018,3,FALSE,14845
de,2018,3,TRUE,0
de,2018,4,FALSE,20172
de,2018,4,TRUE,0
de,2019,1,FALSE,21824
de,2019,1,TRUE,0
de,2019,2,FALSE,21762
de,2019,2,TRUE,0
de,2019,3,FALSE,19919
de,2019,3,TRUE,0
de,2019,4,FALSE,19996
de,2019,4,TRUE,0
de,2020,1,NA,18857
fl,2010,1,FALSE,823
fl,2010,1,TRUE,0
fl,2010,2,FALSE,1637
fl,2010,2,TRUE,0
fl,2010,3,FALSE,1833
fl,2010,3,TRUE,0
fl,2010,4,FALSE,1765
fl,2010,4,TRUE,0
fl,2011,1,FALSE,1672
fl,2011,1,TRUE,0
fl,2011,2,FALSE,1852
fl,2011,2,TRUE,0
fl,2011,3,FALSE,1857
fl,2011,3,TRUE,0
fl,2011,4,FALSE,1922
fl,2011,4,TRUE,0
fl,2012,1,FALSE,494
fl,2012,1,TRUE,0
fl,2012,2,FALSE,623
fl,2012,2,TRUE,0
fl,2012,3,FALSE,3879
fl,2012,3,TRUE,0
fl,2012,4,FALSE,3138
fl,2012,4,TRUE,0
fl,2013,1,FALSE,1654
fl,2013,1,TRUE,0
fl,2013,2,FALSE,3057
fl,2013,2,TRUE,0
fl,2013,3,FALSE,2940
fl,2013,3,TRUE,0
fl,2013,4,FALSE,2798
fl,2013,4,TRUE,0
fl,2014,1,FALSE,2697
fl,2014,1,TRUE,0
fl,2014,2,FALSE,2886
fl,2014,2,TRUE,0
fl,2014,3,FALSE,5474
fl,2014,3,TRUE,0
fl,2014,4,FALSE,5484
fl,2014,4,TRUE,0
fl,2015,1,FALSE,4980
fl,2015,1,TRUE,0
fl,2015,2,FALSE,5296
fl,2015,2,TRUE,0
fl,2015,3,FALSE,5820
fl,2015,3,TRUE,0
fl,2015,4,FALSE,6035
fl,2015,4,TRUE,0
fl,2016,1,FALSE,5935
fl,2016,1,TRUE,0
fl,2016,2,FALSE,7765
fl,2016,2,TRUE,0
fl,2016,3,FALSE,7727
fl,2016,3,TRUE,0
fl,2016,4,FALSE,8961
fl,2016,4,TRUE,0
fl,2017,1,FALSE,8292
fl,2017,1,TRUE,0
fl,2017,2,FALSE,10210
fl,2017,2,TRUE,0
fl,2017,3,FALSE,9288
fl,2017,3,TRUE,0
fl,2017,4,FALSE,8908
fl,2017,4,TRUE,0
fl,2018,1,FALSE,8129
fl,2018,1,TRUE,0
fl,2018,2,FALSE,9222
fl,2018,2,TRUE,0
fl,2018,3,FALSE,9702
fl,2018,3,TRUE,0
fl,2018,4,FALSE,10114
fl,2018,4,TRUE,0
fl,2019,1,FALSE,10694
fl,2019,1,TRUE,0
fl,2019,2,FALSE,11415
fl,2019,2,TRUE,0
fl,2019,3,FALSE,11604
fl,2019,3,TRUE,0
fl,2019,4,FALSE,11709
fl,2019,4,TRUE,0
fl,2020,1,NA,11518
ga,2010,1,FALSE,279
ga,2010,1,TRUE,0
ga,2010,2,FALSE,309
ga,2010,2,TRUE,0
ga,2010,3,FALSE,396
ga,2010,3,TRUE,0
ga,2010,4,FALSE,323
ga,2010,4,TRUE,0
ga,2011,1,FALSE,411
ga,2011,1,TRUE,0
ga,2011,2,FALSE,490
ga,2011,2,TRUE,0
ga,2011,3,FALSE,425
ga,2011,3,TRUE,0
ga,2011,4,FALSE,1906
ga,2011,4,TRUE,0
ga,2012,1,FALSE,1963
ga,2012,1,TRUE,0
ga,2012,2,FALSE,2134
ga,2012,2,TRUE,0
ga,2012,3,FALSE,2316
ga,2012,3,TRUE,0
ga,2012,4,FALSE,2507
ga,2012,4,TRUE,0
ga,2013,1,FALSE,2432
ga,2013,1,TRUE,0
ga,2013,2,FALSE,2437
ga,2013,2,TRUE,0
ga,2013,3,FALSE,2436
ga,2013,3,TRUE,0
ga,2013,4,FALSE,2362
ga,2013,4,TRUE,0
ga,2014,1,FALSE,2195
ga,2014,1,TRUE,0
ga,2014,2,FALSE,2712
ga,2014,2,TRUE,0
ga,2014,3,FALSE,3325
ga,2014,3,TRUE,0
ga,2014,4,FALSE,3646
ga,2014,4,TRUE,0
ga,2015,1,FALSE,3580
ga,2015,1,TRUE,0
ga,2015,2,FALSE,3516
ga,2015,2,TRUE,0
ga,2015,3,FALSE,3396
ga,2015,3,TRUE,0
ga,2015,4,FALSE,3610
ga,2015,4,TRUE,0
ga,2016,1,FALSE,3298
ga,2016,1,TRUE,0
ga,2016,2,FALSE,3564
ga,2016,2,TRUE,0
ga,2016,3,FALSE,3834
ga,2016,3,TRUE,0
ga,2016,4,FALSE,4026
ga,2016,4,TRUE,0
ga,2017,1,FALSE,4563
ga,2017,1,TRUE,0
ga,2017,2,FALSE,4929
ga,2017,2,TRUE,0
ga,2017,3,FALSE,5067
ga,2017,3,TRUE,0
ga,2017,4,FALSE,4704
ga,2017,4,TRUE,0
ga,2018,1,FALSE,4914
ga,2018,1,TRUE,0
ga,2018,2,FALSE,5092
ga,2018,2,TRUE,0
ga,2018,3,FALSE,5203
ga,2018,3,TRUE,0
ga,2018,4,FALSE,5606
ga,2018,4,TRUE,0
ga,2019,1,FALSE,5757
ga,2019,1,TRUE,0
ga,2019,2,FALSE,6274
ga,2019,2,TRUE,0
ga,2019,3,FALSE,6333
ga,2019,3,TRUE,0
ga,2019,4,FALSE,6225
ga,2019,4,TRUE,0
ga,2020,1,NA,6208
id,2010,1,FALSE,318
id,2010,1,TRUE,0
id,2010,2,FALSE,372
id,2010,2,TRUE,0
id,2010,3,FALSE,424
id,2010,3,TRUE,0
id,2010,4,FALSE,376
id,2010,4,TRUE,0
id,2011,1,FALSE,391
id,2011,1,TRUE,0
id,2011,2,FALSE,425
id,2011,2,TRUE,0
id,2011,3,FALSE,474
id,2011,3,TRUE,0
id,2011,4,FALSE,503
id,2011,4,TRUE,0
id,2012,1,FALSE,600
id,2012,1,TRUE,0
id,2012,2,FALSE,640
id,2012,2,TRUE,0
id,2012,3,FALSE,597
id,2012,3,TRUE,0
id,2012,4,FALSE,776
id,2012,4,TRUE,0
id,2013,1,FALSE,716
id,2013,1,TRUE,0
id,2013,2,FALSE,768
id,2013,2,TRUE,0
id,2013,3,FALSE,796
id,2013,3,TRUE,0
id,2013,4,FALSE,812
id,2013,4,TRUE,0
id,2014,1,FALSE,843
id,2014,1,TRUE,0
id,2014,2,FALSE,826
id,2014,2,TRUE,0
id,2014,3,FALSE,849
id,2014,3,TRUE,0
id,2014,4,FALSE,876
id,2014,4,TRUE,0
id,2015,1,FALSE,880
id,2015,1,TRUE,0
id,2015,2,FALSE,923
id,2015,2,TRUE,0
id,2015,3,FALSE,984
id,2015,3,TRUE,0
id,2015,4,FALSE,1084
id,2015,4,TRUE,0
id,2016,1,FALSE,973
id,2016,1,TRUE,0
id,2016,2,FALSE,1076
id,2016,2,TRUE,0
id,2016,3,FALSE,1264
id,2016,3,TRUE,0
id,2016,4,FALSE,1537
id,2016,4,TRUE,0
id,2017,1,FALSE,1557
id,2017,1,TRUE,0
id,2017,2,FALSE,1711
id,2017,2,TRUE,0
id,2017,3,FALSE,1876
id,2017,3,TRUE,0
id,2017,4,FALSE,2182
id,2017,4,TRUE,0
id,2018,1,FALSE,2165
id,2018,1,TRUE,0
id,2018,2,FALSE,2241
id,2018,2,TRUE,0
id,2018,3,FALSE,2156
id,2018,3,TRUE,0
id,2018,4,FALSE,2581
id,2018,4,TRUE,0
id,2019,1,FALSE,2337
id,2019,1,TRUE,0
id,2019,2,FALSE,2593
id,2019,2,TRUE,0
id,2019,3,FALSE,2639
id,2019,3,TRUE,0
id,2019,4,FALSE,2470
id,2019,4,TRUE,0
id,2020,1,NA,4735
il,2010,1,FALSE,3657
il,2010,1,TRUE,0
il,2010,2,FALSE,6264
il,2010,2,TRUE,0
il,2010,3,FALSE,6875
il,2010,3,TRUE,0
il,2010,4,FALSE,6580
il,2010,4,TRUE,0
il,2011,1,FALSE,7707
il,2011,1,TRUE,0
il,2011,2,FALSE,7990
il,2011,2,TRUE,0
il,2011,3,FALSE,1829
il,2011,3,TRUE,0
il,2011,4,FALSE,4621
il,2011,4,TRUE,0
il,2012,1,FALSE,8535
il,2012,1,TRUE,0
il,2012,2,FALSE,7514
il,2012,2,TRUE,0
il,2012,3,FALSE,11719
il,2012,3,TRUE,0
il,2012,4,FALSE,8142
il,2012,4,TRUE,0
il,2013,1,FALSE,6348
il,2013,1,TRUE,0
il,2013,2,FALSE,4919
il,2013,2,TRUE,0
il,2013,3,FALSE,2603
il,2013,3,TRUE,0
il,2013,4,FALSE,3116
il,2013,4,TRUE,0
il,2014,1,FALSE,2435
il,2014,1,TRUE,0
il,2014,2,FALSE,3681
il,2014,2,TRUE,0
il,2014,3,FALSE,2291
il,2014,3,TRUE,0
il,2014,4,FALSE,2605
il,2014,4,TRUE,0
il,2015,1,FALSE,2183
il,2015,1,TRUE,0
il,2015,2,FALSE,1799
il,2015,2,TRUE,0
il,2015,3,FALSE,3802
il,2015,3,TRUE,0
il,2015,4,FALSE,8921
il,2015,4,TRUE,0
il,2016,1,FALSE,9272
il,2016,1,TRUE,0
il,2016,2,FALSE,11003
il,2016,2,TRUE,0
il,2016,3,FALSE,11296
il,2016,3,TRUE,0
il,2016,4,FALSE,18840
il,2016,4,TRUE,0
il,2017,1,FALSE,24433
il,2017,1,TRUE,0
il,2017,2,FALSE,20954
il,2017,2,TRUE,0
il,2017,3,FALSE,22309
il,2017,3,TRUE,0
il,2017,4,FALSE,22803
il,2017,4,TRUE,0
il,2018,1,FALSE,24343
il,2018,1,TRUE,0
il,2018,2,FALSE,23857
il,2018,2,TRUE,0
il,2018,3,FALSE,24465
il,2018,3,TRUE,0
il,2018,4,FALSE,25666
il,2018,4,TRUE,0
il,2019,1,FALSE,26628
il,2019,1,TRUE,0
il,2019,2,FALSE,28552
il,2019,2,TRUE,0
il,2019,3,FALSE,29380
il,2019,3,TRUE,0
il,2019,4,FALSE,30770
il,2019,4,TRUE,0
il,2020,1,NA,31118
in,2010,1,FALSE,4037
in,2010,1,TRUE,0
in,2010,2,FALSE,4516
in,2010,2,TRUE,0
in,2010,3,FALSE,4538
in,2010,3,TRUE,0
in,2010,4,FALSE,4869
in,2010,4,TRUE,0
in,2011,1,FALSE,4966
in,2011,1,TRUE,0
in,2011,2,FALSE,5952
in,2011,2,TRUE,0
in,2011,3,FALSE,5316
in,2011,3,TRUE,0
in,2011,4,FALSE,6667
in,2011,4,TRUE,0
in,2012,1,FALSE,6545
in,2012,1,TRUE,0
in,2012,2,FALSE,6872
in,2012,2,TRUE,0
in,2012,3,FALSE,6884
in,2012,3,TRUE,0
in,2012,4,FALSE,7385
in,2012,4,TRUE,0
in,2013,1,FALSE,7240
in,2013,1,TRUE,0
in,2013,2,FALSE,7638
in,2013,2,TRUE,0
in,2013,3,FALSE,7728
in,2013,3,TRUE,0
in,2013,4,FALSE,8250
in,2013,4,TRUE,0
in,2014,1,FALSE,6975
in,2014,1,TRUE,0
in,2014,2,FALSE,8091
in,2014,2,TRUE,0
in,2014,3,FALSE,8914
in,2014,3,TRUE,0
in,2014,4,FALSE,8607
in,2014,4,TRUE,0
in,2015,1,FALSE,6821
in,2015,1,TRUE,0
in,2015,2,FALSE,10024
in,2015,2,TRUE,0
in,2015,3,FALSE,10542
in,2015,3,TRUE,0
in,2015,4,FALSE,12248
in,2015,4,TRUE,0
in,2016,1,FALSE,12588
in,2016,1,TRUE,0
in,2016,2,FALSE,18299
in,2016,2,TRUE,0
in,2016,3,FALSE,16796
in,2016,3,TRUE,0
in,2016,4,FALSE,19667
in,2016,4,TRUE,0
in,2017,1,FALSE,23827
in,2017,1,TRUE,0
in,2017,2,FALSE,28299
in,2017,2,TRUE,0
in,2017,3,FALSE,33503
in,2017,3,TRUE,0
in,2017,4,FALSE,38033
in,2017,4,TRUE,0
in,2018,1,FALSE,43640
in,2018,1,TRUE,0
in,2018,2,FALSE,51224
in,2018,2,TRUE,0
in,2018,3,FALSE,53659
in,2018,3,TRUE,0
in,2018,4,FALSE,58824
in,2018,4,TRUE,0
in,2019,1,FALSE,61592
in,2019,1,TRUE,0
in,2019,2,FALSE,67805
in,2019,2,TRUE,0
in,2019,3,FALSE,70322
in,2019,3,TRUE,0
in,2019,4,FALSE,74792
in,2019,4,TRUE,0
in,2020,1,NA,80305
ks,2010,1,TRUE,0
ks,2010,2,FALSE,45
ks,2010,2,TRUE,0
ks,2010,3,FALSE,81
ks,2010,3,TRUE,0
ks,2010,4,FALSE,198
ks,2010,4,TRUE,0
ks,2011,1,FALSE,161
ks,2011,1,TRUE,0
ks,2011,2,FALSE,147
ks,2011,2,TRUE,0
ks,2011,3,FALSE,180
ks,2011,3,TRUE,0
ks,2011,4,FALSE,113
ks,2011,4,TRUE,0
ks,2012,1,FALSE,160
ks,2012,1,TRUE,0
ks,2012,2,FALSE,396
ks,2012,2,TRUE,0
ks,2012,3,FALSE,271
ks,2012,3,TRUE,0
ks,2012,4,FALSE,211
ks,2012,4,TRUE,0
ks,2013,1,FALSE,20
ks,2013,1,TRUE,0
ks,2013,3,FALSE,238
ks,2013,3,TRUE,0
ks,2013,4,FALSE,361
ks,2013,4,TRUE,0
ks,2014,1,FALSE,581
ks,2014,1,TRUE,0
ks,2014,2,FALSE,1987
ks,2014,2,TRUE,0
ks,2014,3,FALSE,636
ks,2014,3,TRUE,0
ks,2014,4,FALSE,825
ks,2014,4,TRUE,0
ks,2015,1,FALSE,588
ks,2015,1,TRUE,0
ks,2015,2,FALSE,424
ks,2015,2,TRUE,0
ks,2015,3,FALSE,272
ks,2015,3,TRUE,0
ks,2015,4,FALSE,500
ks,2015,4,TRUE,0
ks,2016,1,FALSE,821
ks,2016,1,TRUE,0
ks,2016,2,FALSE,277
ks,2016,2,TRUE,0
ks,2016,3,FALSE,693
ks,2016,3,TRUE,0
ks,2016,4,FALSE,413
ks,2016,4,TRUE,0
ks,2017,1,FALSE,593
ks,2017,1,TRUE,0
ks,2017,2,FALSE,1632
ks,2017,2,TRUE,0
ks,2017,3,FALSE,660
ks,2017,3,TRUE,0
ks,2017,4,FALSE,648
ks,2017,4,TRUE,0
ks,2018,1,FALSE,764
ks,2018,1,TRUE,0
ks,2018,2,FALSE,840
ks,2018,2,TRUE,0
ks,2018,3,FALSE,740
ks,2018,3,TRUE,0
ks,2018,4,FALSE,801
ks,2018,4,TRUE,0
ks,2019,1,FALSE,731
ks,2019,1,TRUE,0
ks,2019,2,FALSE,737
ks,2019,2,TRUE,0
ks,2019,3,FALSE,778
ks,2019,3,TRUE,0
ks,2019,4,FALSE,684
ks,2019,4,TRUE,0
ks,2020,1,NA,829
la,2010,1,FALSE,2038
la,2010,1,TRUE,0
la,2010,2,FALSE,2348
la,2010,2,TRUE,0
la,2010,3,FALSE,2591
la,2010,3,TRUE,0
la,2010,4,FALSE,2803
la,2010,4,TRUE,0
la,2011,1,FALSE,3085
la,2011,1,TRUE,0
la,2011,2,FALSE,3346
la,2011,2,TRUE,0
la,2011,3,FALSE,3757
la,2011,3,TRUE,0
la,2011,4,FALSE,3902
la,2011,4,TRUE,0
la,2012,1,FALSE,3743
la,2012,1,TRUE,0
la,2012,2,FALSE,4183
la,2012,2,TRUE,0
la,2012,3,FALSE,5931
la,2012,3,TRUE,0
la,2012,4,FALSE,5110
la,2012,4,TRUE,0
la,2013,1,FALSE,5512
la,2013,1,TRUE,0
la,2013,2,FALSE,5403
la,2013,2,TRUE,0
la,2013,3,FALSE,5954
la,2013,3,TRUE,0
la,2013,4,FALSE,5302
la,2013,4,TRUE,0
la,2014,1,FALSE,5079
la,2014,1,TRUE,0
la,2014,2,FALSE,5373
la,2014,2,TRUE,0
la,2014,3,FALSE,5772
la,2014,3,TRUE,0
la,2014,4,FALSE,3071
la,2014,4,TRUE,0
la,2015,1,FALSE,8874
la,2015,1,TRUE,0
la,2015,2,FALSE,7668
la,2015,2,TRUE,0
la,2015,3,FALSE,7069
la,2015,3,TRUE,0
la,2015,4,FALSE,6676
la,2015,4,TRUE,0
la,2016,1,FALSE,6687
la,2016,1,TRUE,0
la,2016,2,FALSE,7230
la,2016,2,TRUE,0
la,2016,3,FALSE,11106
la,2016,3,TRUE,0
la,2016,4,FALSE,13171
la,2016,4,TRUE,0
la,2017,1,FALSE,14481
la,2017,1,TRUE,0
la,2017,2,FALSE,17583
la,2017,2,TRUE,0
la,2017,3,FALSE,16787
la,2017,3,TRUE,0
la,2017,4,FALSE,17773
la,2017,4,TRUE,0
la,2018,1,FALSE,18480
la,2018,1,TRUE,0
la,2018,2,FALSE,20486
la,2018,2,TRUE,0
la,2018,3,FALSE,21337
la,2018,3,TRUE,0
la,2018,4,FALSE,22120
la,2018,4,TRUE,0
la,2019,1,FALSE,22849
la,2019,1,TRUE,0
la,2019,2,FALSE,23534
la,2019,2,TRUE,0
la,2019,3,FALSE,25017
la,2019,3,TRUE,0
la,2019,4,FALSE,26346
la,2019,4,TRUE,0
la,2020,1,NA,28660
ms,2010,1,FALSE,702
ms,2010,1,TRUE,0
ms,2010,2,FALSE,722
ms,2010,2,TRUE,0
ms,2010,3,FALSE,832
ms,2010,3,TRUE,0
ms,2010,4,FALSE,957
ms,2010,4,TRUE,0
ms,2011,1,FALSE,769
ms,2011,1,TRUE,0
ms,2011,2,FALSE,856
ms,2011,2,TRUE,0
ms,2011,3,FALSE,1279
ms,2011,3,TRUE,0
ms,2011,4,FALSE,844
ms,2011,4,TRUE,0
ms,2012,1,FALSE,1052
ms,2012,1,TRUE,0
ms,2012,2,FALSE,1063
ms,2012,2,TRUE,0
ms,2012,3,FALSE,1177
ms,2012,3,TRUE,0
ms,2012,4,FALSE,1649
ms,2012,4,TRUE,0
ms,2013,1,FALSE,1655
ms,2013,1,TRUE,0
ms,2013,2,FALSE,1599
ms,2013,2,TRUE,0
ms,2013,3,FALSE,1682
ms,2013,3,TRUE,0
ms,2013,4,FALSE,1644
ms,2013,4,TRUE,0
ms,2014,1,FALSE,1462
ms,2014,1,TRUE,0
ms,2014,2,FALSE,1623
ms,2014,2,TRUE,0
ms,2014,3,FALSE,1528
ms,2014,3,TRUE,0
ms,2014,4,FALSE,1817
ms,2014,4,TRUE,0
ms,2015,1,FALSE,1869
ms,2015,1,TRUE,0
ms,2015,2,FALSE,1799
ms,2015,2,TRUE,0
ms,2015,3,FALSE,1839
ms,2015,3,TRUE,0
ms,2015,4,FALSE,1837
ms,2015,4,TRUE,0
ms,2016,1,FALSE,2072
ms,2016,1,TRUE,0
ms,2016,2,FALSE,2182
ms,2016,2,TRUE,0
ms,2016,3,FALSE,2345
ms,2016,3,TRUE,0
ms,2016,4,FALSE,2594
ms,2016,4,TRUE,0
ms,2017,1,FALSE,2640
ms,2017,1,TRUE,0
ms,2017,2,FALSE,3010
ms,2017,2,TRUE,0
ms,2017,3,FALSE,2878
ms,2017,3,TRUE,0
ms,2017,4,FALSE,2876
ms,2017,4,TRUE,0
ms,2018,1,FALSE,2735
ms,2018,1,TRUE,0
ms,2018,2,FALSE,2962
ms,2018,2,TRUE,0
ms,2018,3,FALSE,3007
ms,2018,3,TRUE,0
ms,2018,4,FALSE,3108
ms,2018,4,TRUE,0
ms,2019,1,FALSE,3159
ms,2019,1,TRUE,0
ms,2019,2,FALSE,3503
ms,2019,2,TRUE,0
ms,2019,3,FALSE,3638
ms,2019,3,TRUE,0
ms,2019,4,FALSE,3718
ms,2019,4,TRUE,0
ms,2020,1,NA,3669
mt,2010,1,FALSE,506
mt,2010,1,TRUE,0
mt,2010,2,FALSE,428
mt,2010,2,TRUE,0
mt,2010,3,FALSE,390
mt,2010,3,TRUE,0
mt,2010,4,FALSE,313
mt,2010,4,TRUE,0
mt,2011,1,FALSE,305
mt,2011,1,TRUE,0
mt,2011,2,FALSE,289
mt,2011,2,TRUE,0
mt,2011,3,FALSE,282
mt,2011,3,TRUE,0
mt,2011,4,FALSE,313
mt,2011,4,TRUE,0
mt,2012,1,FALSE,379
mt,2012,1,TRUE,0
mt,2012,2,FALSE,477
mt,2012,2,TRUE,0
mt,2012,3,FALSE,444
mt,2012,3,TRUE,0
mt,2012,4,FALSE,544
mt,2012,4,TRUE,0
mt,2013,1,FALSE,516
mt,2013,1,TRUE,0
mt,2013,2,FALSE,538
mt,2013,2,TRUE,0
mt,2013,3,FALSE,507
mt,2013,3,TRUE,0
mt,2013,4,FALSE,460
mt,2013,4,TRUE,0
mt,2014,1,FALSE,446
mt,2014,1,TRUE,0
mt,2014,2,FALSE,393
mt,2014,2,TRUE,0
mt,2014,3,FALSE,390
mt,2014,3,TRUE,0
mt,2014,4,FALSE,409
mt,2014,4,TRUE,0
mt,2015,1,FALSE,357
mt,2015,1,TRUE,0
mt,2015,2,FALSE,347
mt,2015,2,TRUE,0
mt,2015,3,FALSE,338
mt,2015,3,TRUE,0
mt,2015,4,FALSE,356
mt,2015,4,TRUE,0
mt,2016,1,FALSE,535
mt,2016,1,TRUE,0
mt,2016,2,FALSE,1864
mt,2016,2,TRUE,0
mt,2016,3,FALSE,2791
mt,2016,3,TRUE,0
mt,2016,4,FALSE,5612
mt,2016,4,TRUE,0
mt,2017,1,FALSE,5915
mt,2017,1,TRUE,0
mt,2017,2,FALSE,8053
mt,2017,2,TRUE,0
mt,2017,3,FALSE,9094
mt,2017,3,TRUE,0
mt,2017,4,FALSE,11271
mt,2017,4,TRUE,0
mt,2018,1,FALSE,15150
mt,2018,1,TRUE,0
mt,2018,2,FALSE,23595
mt,2018,2,TRUE,0
mt,2018,3,FALSE,24558
mt,2018,3,TRUE,0
mt,2018,4,FALSE,19758
mt,2018,4,TRUE,0
mt,2019,1,FALSE,28448
mt,2019,1,TRUE,0
mt,2019,2,FALSE,27968
mt,2019,2,TRUE,0
mt,2019,3,FALSE,30428
mt,2019,3,TRUE,0
mt,2019,4,FALSE,30471
mt,2019,4,TRUE,0
mt,2020,1,NA,26146
nd,2010,1,FALSE,139
nd,2010,1,TRUE,0
nd,2010,2,FALSE,151
nd,2010,2,TRUE,0
nd,2010,3,FALSE,147
nd,2010,3,TRUE,0
nd,2010,4,FALSE,153
nd,2010,4,TRUE,0
nd,2011,1,FALSE,150
nd,2011,1,TRUE,0
nd,2011,2,FALSE,182
nd,2011,2,TRUE,0
nd,2011,3,FALSE,148
nd,2011,3,TRUE,0
nd,2011,4,FALSE,177
nd,2011,4,TRUE,0
nd,2012,1,FALSE,140
nd,2012,1,TRUE,0
nd,2012,2,FALSE,152
nd,2012,2,TRUE,0
nd,2012,3,FALSE,139
nd,2012,3,TRUE,0
nd,2012,4,FALSE,77
nd,2012,4,TRUE,0
nd,2013,1,FALSE,146
nd,2013,1,TRUE,0
nd,2013,2,FALSE,177
nd,2013,2,TRUE,0
nd,2013,3,FALSE,112
nd,2013,3,TRUE,0
nd,2013,4,FALSE,129
nd,2013,4,TRUE,0
nd,2014,1,FALSE,114
nd,2014,1,TRUE,0
nd,2014,2,FALSE,123
nd,2014,2,TRUE,0
nd,2014,3,FALSE,191
nd,2014,3,TRUE,0
nd,2014,4,FALSE,131
nd,2014,4,TRUE,0
nd,2015,1,FALSE,200
nd,2015,1,TRUE,0
nd,2015,2,FALSE,227
nd,2015,2,TRUE,0
nd,2015,3,FALSE,213
nd,2015,3,TRUE,0
nd,2015,4,FALSE,317
nd,2015,4,TRUE,0
nd,2016,1,FALSE,231
nd,2016,1,TRUE,0
nd,2016,2,FALSE,363
nd,2016,2,TRUE,0
nd,2016,3,FALSE,415
nd,2016,3,TRUE,0
nd,2016,4,FALSE,596
nd,2016,4,TRUE,0
nd,2017,1,FALSE,459
nd,2017,1,TRUE,0
nd,2017,2,FALSE,470
nd,2017,2,TRUE,0
nd,2017,3,FALSE,510
nd,2017,3,TRUE,0
nd,2017,4,FALSE,537
nd,2017,4,TRUE,0
nd,2018,1,FALSE,638
nd,2018,1,TRUE,0
nd,2018,2,FALSE,1368
nd,2018,2,TRUE,0
nd,2018,3,FALSE,1397
nd,2018,3,TRUE,0
nd,2018,4,FALSE,1751
nd,2018,4,TRUE,0
nd,2019,1,FALSE,1914
nd,2019,1,TRUE,0
nd,2019,2,FALSE,1893
nd,2019,2,TRUE,0
nd,2019,3,FALSE,1873
nd,2019,3,TRUE,0
nd,2019,4,FALSE,1986
nd,2019,4,TRUE,0
nd,2020,1,NA,2004
nv,2010,1,FALSE,105
nv,2010,1,TRUE,0
nv,2010,2,FALSE,215
nv,2010,2,TRUE,0
nv,2010,3,FALSE,223
nv,2010,3,TRUE,0
nv,2010,4,FALSE,123
nv,2010,4,TRUE,0
nv,2011,1,FALSE,131
nv,2011,1,TRUE,0
nv,2011,2,FALSE,148
nv,2011,2,TRUE,0
nv,2011,3,FALSE,138
nv,2011,3,TRUE,0
nv,2011,4,FALSE,181
nv,2011,4,TRUE,0
nv,2012,1,FALSE,190
nv,2012,1,TRUE,0
nv,2012,2,FALSE,266
nv,2012,2,TRUE,0
nv,2012,3,FALSE,281
nv,2012,3,TRUE,0
nv,2012,4,FALSE,338
nv,2012,4,TRUE,0
nv,2013,1,FALSE,348
nv,2013,1,TRUE,0
nv,2013,2,FALSE,345
nv,2013,2,TRUE,0
nv,2013,3,FALSE,392
nv,2013,3,TRUE,0
nv,2013,4,FALSE,377
nv,2013,4,TRUE,0
nv,2014,1,FALSE,523
nv,2014,1,TRUE,0
nv,2014,2,FALSE,680
nv,2014,2,TRUE,0
nv,2014,3,FALSE,759
nv,2014,3,TRUE,0
nv,2014,4,FALSE,1045
nv,2014,4,TRUE,0
nv,2015,1,FALSE,1034
nv,2015,1,TRUE,0
nv,2015,2,FALSE,1164
nv,2015,2,TRUE,0
nv,2015,3,FALSE,1218
nv,2015,3,TRUE,0
nv,2015,4,FALSE,1360
nv,2015,4,TRUE,0
nv,2016,1,FALSE,1558
nv,2016,1,TRUE,0
nv,2016,2,FALSE,1964
nv,2016,2,TRUE,0
nv,2016,3,FALSE,1920
nv,2016,3,TRUE,0
nv,2016,4,FALSE,2078
nv,2016,4,TRUE,0
nv,2017,1,FALSE,2358
nv,2017,1,TRUE,0
nv,2017,2,FALSE,2506
nv,2017,2,TRUE,0
nv,2017,3,FALSE,2694
nv,2017,3,TRUE,0
nv,2017,4,FALSE,2798
nv,2017,4,TRUE,0
nv,2018,1,FALSE,3403
nv,2018,1,TRUE,0
nv,2018,2,FALSE,3428
nv,2018,2,TRUE,0
nv,2018,3,FALSE,3686
nv,2018,3,TRUE,0
nv,2018,4,FALSE,4167
nv,2018,4,TRUE,0
nv,2019,1,FALSE,4342
nv,2019,1,TRUE,0
nv,2019,2,FALSE,4173
nv,2019,2,TRUE,0
nv,2019,3,FALSE,4620
nv,2019,3,TRUE,0
nv,2019,4,FALSE,4492
nv,2019,4,TRUE,0
nv,2020,1,NA,5317
sd,2010,1,FALSE,38
sd,2010,2,TRUE,0
sd,2010,3,TRUE,0
sd,2010,4,TRUE,0
sd,2011,1,FALSE,16
sd,2011,1,TRUE,0
sd,2011,2,FALSE,43
sd,2011,2,TRUE,0
sd,2011,3,FALSE,78
sd,2011,3,TRUE,0
sd,2011,4,FALSE,72
sd,2011,4,TRUE,0
sd,2012,1,FALSE,86
sd,2012,1,TRUE,0
sd,2012,2,FALSE,79
sd,2012,2,TRUE,0
sd,2012,3,FALSE,108
sd,2012,3,TRUE,0
sd,2012,4,FALSE,94
sd,2012,4,TRUE,0
sd,2013,1,FALSE,101
sd,2013,1,TRUE,0
sd,2013,2,FALSE,90
sd,2013,2,TRUE,0
sd,2013,3,FALSE,52
sd,2013,3,TRUE,0
sd,2013,4,FALSE,51
sd,2013,4,TRUE,0
sd,2014,1,FALSE,83
sd,2014,1,TRUE,0
sd,2014,2,FALSE,49
sd,2014,2,TRUE,0
sd,2014,3,FALSE,99
sd,2014,3,TRUE,0
sd,2014,4,FALSE,98
sd,2014,4,TRUE,0
sd,2015,1,FALSE,103
sd,2015,1,TRUE,0
sd,2015,2,FALSE,70
sd,2015,2,TRUE,0
sd,2015,3,FALSE,60
sd,2015,3,TRUE,0
sd,2015,4,FALSE,44
sd,2015,4,TRUE,0
sd,2016,1,FALSE,63
sd,2016,1,TRUE,0
sd,2016,2,FALSE,122
sd,2016,2,TRUE,0
sd,2016,3,FALSE,123
sd,2016,3,TRUE,0
sd,2016,4,FALSE,125
sd,2016,4,TRUE,0
sd,2017,1,FALSE,147
sd,2017,1,TRUE,0
sd,2017,2,FALSE,157
sd,2017,2,TRUE,0
sd,2017,3,FALSE,168
sd,2017,3,TRUE,0
sd,2017,4,FALSE,133
sd,2017,4,TRUE,0
sd,2018,1,FALSE,119
sd,2018,1,TRUE,0
sd,2018,2,FALSE,136
sd,2018,2,TRUE,0
sd,2018,3,FALSE,151
sd,2018,3,TRUE,0
sd,2018,4,FALSE,163
sd,2018,4,TRUE,0
sd,2019,1,FALSE,236
sd,2019,1,TRUE,0
sd,2019,2,FALSE,331
sd,2019,2,TRUE,0
sd,2019,3,FALSE,349
sd,2019,3,TRUE,0
sd,2019,4,FALSE,380
sd,2019,4,TRUE,0
sd,2020,1,NA,392
tn,2010,1,FALSE,8911
tn,2010,1,TRUE,0
tn,2010,2,FALSE,10652
tn,2010,2,TRUE,0
tn,2010,3,FALSE,11382
tn,2010,3,TRUE,0
tn,2010,4,FALSE,11072
tn,2010,4,TRUE,0
tn,2011,1,FALSE,11824
tn,2011,1,TRUE,0
tn,2011,2,FALSE,12847
tn,2011,2,TRUE,0
tn,2011,3,FALSE,12775
tn,2011,3,TRUE,0
tn,2011,4,FALSE,12734
tn,2011,4,TRUE,0
tn,2012,1,FALSE,12841
tn,2012,1,TRUE,0
tn,2012,2,FALSE,13460
tn,2012,2,TRUE,0
tn,2012,3,FALSE,14524
tn,2012,3,TRUE,0
tn,2012,4,FALSE,14876
tn,2012,4,TRUE,0
tn,2013,1,FALSE,14466
tn,2013,1,TRUE,0
tn,2013,2,FALSE,14676
tn,2013,2,TRUE,0
tn,2013,3,FALSE,14323
tn,2013,3,TRUE,0
tn,2013,4,FALSE,17557
tn,2013,4,TRUE,0
tn,2014,1,FALSE,17484
tn,2014,1,TRUE,0
tn,2014,2,FALSE,18754
tn,2014,2,TRUE,0
tn,2014,3,FALSE,19327
tn,2014,3,TRUE,0
tn,2014,4,FALSE,19669
tn,2014,4,TRUE,0
tn,2015,1,FALSE,19646
tn,2015,1,TRUE,0
tn,2015,2,FALSE,21745
tn,2015,2,TRUE,0
tn,2015,3,FALSE,22671
tn,2015,3,TRUE,0
tn,2015,4,FALSE,15455
tn,2015,4,TRUE,0
tn,2016,1,FALSE,11503
tn,2016,1,TRUE,0
tn,2016,2,FALSE,10512
tn,2016,2,TRUE,0
tn,2016,3,FALSE,8494
tn,2016,3,TRUE,0
tn,2016,4,FALSE,7383
tn,2016,4,TRUE,0
tn,2017,1,FALSE,7060
tn,2017,1,TRUE,0
tn,2017,2,FALSE,6971
tn,2017,2,TRUE,0
tn,2017,3,FALSE,7179
tn,2017,3,TRUE,0
tn,2017,4,FALSE,7270
tn,2017,4,TRUE,0
tn,2018,1,FALSE,7565
tn,2018,1,TRUE,0
tn,2018,2,FALSE,7982
tn,2018,2,TRUE,0
tn,2018,3,FALSE,8098
tn,2018,3,TRUE,0
tn,2018,4,FALSE,8183
tn,2018,4,TRUE,0
tn,2019,1,FALSE,11149
tn,2019,1,TRUE,0
tn,2019,2,FALSE,14363
tn,2019,2,TRUE,0
tn,2019,3,FALSE,18305
tn,2019,3,TRUE,0
tn,2019,4,FALSE,21746
tn,2019,4,TRUE,0
tn,2020,1,NA,29056
wy,2010,1,FALSE,143
wy,2010,1,TRUE,0
wy,2010,2,FALSE,142
wy,2010,2,TRUE,0
wy,2010,3,FALSE,113
wy,2010,3,TRUE,0
wy,2010,4,FALSE,146
wy,2010,4,TRUE,0
wy,2011,1,FALSE,129
wy,2011,1,TRUE,0
wy,2011,2,FALSE,134
wy,2011,2,TRUE,0
wy,2011,3,FALSE,134
wy,2011,3,TRUE,0
wy,2011,4,FALSE,127
wy,2011,4,TRUE,0
wy,2012,1,FALSE,147
wy,2012,1,TRUE,0
wy,2012,2,FALSE,183
wy,2012,2,TRUE,0
wy,2012,3,FALSE,144
wy,2012,3,TRUE,0
wy,2012,4,FALSE,146
wy,2012,4,TRUE,0
wy,2013,1,FALSE,151
wy,2013,1,TRUE,0
wy,2013,2,FALSE,127
wy,2013,2,TRUE,0
wy,2013,3,FALSE,110
wy,2013,3,TRUE,0
wy,2013,4,FALSE,169
wy,2013,4,TRUE,0
wy,2014,1,FALSE,151
wy,2014,1,TRUE,0
wy,2014,2,FALSE,152
wy,2014,2,TRUE,0
wy,2014,3,FALSE,129
wy,2014,3,TRUE,0
wy,2014,4,FALSE,192
wy,2014,4,TRUE,0
wy,2015,1,FALSE,256
wy,2015,1,TRUE,0
wy,2015,2,FALSE,298
wy,2015,2,TRUE,0
wy,2015,3,FALSE,243
wy,2015,3,TRUE,0
wy,2015,4,FALSE,222
wy,2015,4,TRUE,0
wy,2016,1,FALSE,278
wy,2016,1,TRUE,0
wy,2016,2,FALSE,341
wy,2016,2,TRUE,0
wy,2016,3,FALSE,291
wy,2016,3,TRUE,0
wy,2016,4,FALSE,301
wy,2016,4,TRUE,0
wy,2017,1,FALSE,282
wy,2017,1,TRUE,0
wy,2017,2,FALSE,290
wy,2017,2,TRUE,0
wy,2017,3,FALSE,283
wy,2017,3,TRUE,0
wy,2017,4,FALSE,211
wy,2017,4,TRUE,0
wy,2018,1,FALSE,210
wy,2018,1,TRUE,0
wy,2018,2,FALSE,210
wy,2018,2,TRUE,0
wy,2018,3,FALSE,208
wy,2018,3,TRUE,0
wy,2018,4,FALSE,246
wy,2018,4,TRUE,0
wy,2019,1,FALSE,252
wy,2019,1,TRUE,0
wy,2019,2,FALSE,255
wy,2019,2,TRUE,0
wy,2019,3,FALSE,229
wy,2019,3,TRUE,0
wy,2019,4,FALSE,218
wy,2019,4,TRUE,0
wy,2020,1,NA,241
